CRITERIA,P1,P2,P3,P4
CONSUMPTION,2.280046,2.457521,3.412788,4.219402
DURABILITY,2.988172,1.061565,2.194427,3.314348
ENVIRONMENT_IMPACT,0.049879,0.344074,0.911193,2.988172
NOISE,0.718009,18.673244,32.388463,41.490661
PRODUCTION_COST,1235.809599,3809.763429,5373.440009,14054.859942